<application>
  <component name="ExternalResourceManagerImpl">
    <resource url="http://www.springframework.org/schema/aop/spring-aop-2.0.xsd" location="$MAVEN_REPOSITORY$/org/springframework/spring-aop/5.2.5.RELEASE/spring-aop-5.2.5.RELEASE.jar!/org/springframework/aop/config/spring-aop.xsd" />
    <resource url="http://www.springframework.org/schema/aop/spring-aop-2.5.xsd" location="$MAVEN_REPOSITORY$/org/springframework/spring-aop/5.2.5.RELEASE/spring-aop-5.2.5.RELEASE.jar!/org/springframework/aop/config/spring-aop.xsd" />
    <resource url="http://www.springframework.org/schema/aop/spring-aop-3.0.xsd" location="$MAVEN_REPOSITORY$/org/springframework/spring-aop/5.2.5.RELEASE/spring-aop-5.2.5.RELEASE.jar!/org/springframework/aop/config/spring-aop.xsd" />
    <resource url="http://www.springframework.org/schema/aop/spring-aop-3.1.xsd" location="$MAVEN_REPOSITORY$/org/springframework/spring-aop/5.2.5.RELEASE/spring-aop-5.2.5.RELEASE.jar!/org/springframework/aop/config/spring-aop.xsd" />
    <resource url="http://www.springframework.org/schema/aop/spring-aop-3.2.xsd" location="$MAVEN_REPOSITORY$/org/springframework/spring-aop/5.2.5.RELEASE/spring-aop-5.2.5.RELEASE.jar!/org/springframework/aop/config/spring-aop.xsd" />
    <resource url="http://www.springframework.org/schema/aop/spring-aop-4.0.xsd" location="$MAVEN_REPOSITORY$/org/springframework/spring-aop/5.2.5.RELEASE/spring-aop-5.2.5.RELEASE.jar!/org/springframework/aop/config/spring-aop.xsd" />
    <resource url="http://www.springframework.org/schema/aop/spring-aop-4.1.xsd" location="$MAVEN_REPOSITORY$/org/springframework/spring-aop/5.2.5.RELEASE/spring-aop-5.2.5.RELEASE.jar!/org/springframework/aop/config/spring-aop.xsd" />
    <resource url="http://www.springframework.org/schema/aop/spring-aop-4.2.xsd" location="$MAVEN_REPOSITORY$/org/springframework/spring-aop/5.2.5.RELEASE/spring-aop-5.2.5.RELEASE.jar!/org/springframework/aop/config/spring-aop.xsd" />
    <resource url="http://www.springframework.org/schema/aop/spring-aop-4.3.xsd" location="$MAVEN_REPOSITORY$/org/springframework/spring-aop/5.2.5.RELEASE/spring-aop-5.2.5.RELEASE.jar!/org/springframework/aop/config/spring-aop.xsd" />
    <resource url="http://www.springframework.org/schema/aop/spring-aop.xsd" location="$MAVEN_REPOSITORY$/org/springframework/spring-aop/5.2.5.RELEASE/spring-aop-5.2.5.RELEASE.jar!/org/springframework/aop/config/spring-aop.xsd" />
    <resource url="http://www.springframework.org/schema/beans/spring-beans-2.0.xsd" location="$MAVEN_REPOSITORY$/org/springframework/spring-beans/5.2.5.RELEASE/spring-beans-5.2.5.RELEASE.jar!/org/springframework/beans/factory/xml/spring-beans.xsd" />
    <resource url="http://www.springframework.org/schema/beans/spring-beans-2.5.xsd" location="$MAVEN_REPOSITORY$/org/springframework/spring-beans/5.2.5.RELEASE/spring-beans-5.2.5.RELEASE.jar!/org/springframework/beans/factory/xml/spring-beans.xsd" />
    <resource url="http://www.springframework.org/schema/beans/spring-beans-3.0.xsd" location="$MAVEN_REPOSITORY$/org/springframework/spring-beans/5.2.5.RELEASE/spring-beans-5.2.5.RELEASE.jar!/org/springframework/beans/factory/xml/spring-beans.xsd" />
    <resource url="http://www.springframework.org/schema/beans/spring-beans-3.1.xsd" location="$MAVEN_REPOSITORY$/org/springframework/spring-beans/5.2.5.RELEASE/spring-beans-5.2.5.RELEASE.jar!/org/springframework/beans/factory/xml/spring-beans.xsd" />
    <resource url="http://www.springframework.org/schema/beans/spring-beans-3.2.xsd" location="$MAVEN_REPOSITORY$/org/springframework/spring-beans/5.2.5.RELEASE/spring-beans-5.2.5.RELEASE.jar!/org/springframework/beans/factory/xml/spring-beans.xsd" />
    <resource url="http://www.springframework.org/schema/beans/spring-beans-4.0.xsd" location="$MAVEN_REPOSITORY$/org/springframework/spring-beans/5.2.5.RELEASE/spring-beans-5.2.5.RELEASE.jar!/org/springframework/beans/factory/xml/spring-beans.xsd" />
    <resource url="http://www.springframework.org/schema/beans/spring-beans-4.1.xsd" location="$MAVEN_REPOSITORY$/org/springframework/spring-beans/5.2.5.RELEASE/spring-beans-5.2.5.RELEASE.jar!/org/springframework/beans/factory/xml/spring-beans.xsd" />
    <resource url="http://www.springframework.org/schema/beans/spring-beans-4.2.xsd" location="$MAVEN_REPOSITORY$/org/springframework/spring-beans/5.2.5.RELEASE/spring-beans-5.2.5.RELEASE.jar!/org/springframework/beans/factory/xml/spring-beans.xsd" />
    <resource url="http://www.springframework.org/schema/beans/spring-beans-4.3.xsd" location="$MAVEN_REPOSITORY$/org/springframework/spring-beans/5.2.5.RELEASE/spring-beans-5.2.5.RELEASE.jar!/org/springframework/beans/factory/xml/spring-beans.xsd" />
    <resource url="http://www.springframework.org/schema/beans/spring-beans.xsd" location="$MAVEN_REPOSITORY$/org/springframework/spring-beans/5.2.5.RELEASE/spring-beans-5.2.5.RELEASE.jar!/org/springframework/beans/factory/xml/spring-beans.xsd" />
    <resource url="http://www.springframework.org/schema/cache/spring-cache-3.1.xsd" location="$MAVEN_REPOSITORY$/org/springframework/spring-context/5.2.5.RELEASE/spring-context-5.2.5.RELEASE.jar!/org/springframework/cache/config/spring-cache.xsd" />
    <resource url="http://www.springframework.org/schema/cache/spring-cache-3.2.xsd" location="$MAVEN_REPOSITORY$/org/springframework/spring-context/5.2.5.RELEASE/spring-context-5.2.5.RELEASE.jar!/org/springframework/cache/config/spring-cache.xsd" />
    <resource url="http://www.springframework.org/schema/cache/spring-cache-4.0.xsd" location="$MAVEN_REPOSITORY$/org/springframework/spring-context/5.2.5.RELEASE/spring-context-5.2.5.RELEASE.jar!/org/springframework/cache/config/spring-cache.xsd" />
    <resource url="http://www.springframework.org/schema/cache/spring-cache-4.1.xsd" location="$MAVEN_REPOSITORY$/org/springframework/spring-context/5.2.5.RELEASE/spring-context-5.2.5.RELEASE.jar!/org/springframework/cache/config/spring-cache.xsd" />
    <resource url="http://www.springframework.org/schema/cache/spring-cache-4.2.xsd" location="$MAVEN_REPOSITORY$/org/springframework/spring-context/5.2.5.RELEASE/spring-context-5.2.5.RELEASE.jar!/org/springframework/cache/config/spring-cache.xsd" />
    <resource url="http://www.springframework.org/schema/cache/spring-cache-4.3.xsd" location="$MAVEN_REPOSITORY$/org/springframework/spring-context/5.2.5.RELEASE/spring-context-5.2.5.RELEASE.jar!/org/springframework/cache/config/spring-cache.xsd" />
    <resource url="http://www.springframework.org/schema/cache/spring-cache.xsd" location="$MAVEN_REPOSITORY$/org/springframework/spring-context/5.2.5.RELEASE/spring-context-5.2.5.RELEASE.jar!/org/springframework/cache/config/spring-cache.xsd" />
    <resource url="http://www.springframework.org/schema/context/spring-context-2.5.xsd" location="$MAVEN_REPOSITORY$/org/springframework/spring-context/5.2.5.RELEASE/spring-context-5.2.5.RELEASE.jar!/org/springframework/context/config/spring-context.xsd" />
    <resource url="http://www.springframework.org/schema/context/spring-context-3.0.xsd" location="$MAVEN_REPOSITORY$/org/springframework/spring-context/5.2.5.RELEASE/spring-context-5.2.5.RELEASE.jar!/org/springframework/context/config/spring-context.xsd" />
    <resource url="http://www.springframework.org/schema/context/spring-context-3.1.xsd" location="$MAVEN_REPOSITORY$/org/springframework/spring-context/5.2.5.RELEASE/spring-context-5.2.5.RELEASE.jar!/org/springframework/context/config/spring-context.xsd" />
    <resource url="http://www.springframework.org/schema/context/spring-context-3.2.xsd" location="$MAVEN_REPOSITORY$/org/springframework/spring-context/5.2.5.RELEASE/spring-context-5.2.5.RELEASE.jar!/org/springframework/context/config/spring-context.xsd" />
    <resource url="http://www.springframework.org/schema/context/spring-context-4.0.xsd" location="$MAVEN_REPOSITORY$/org/springframework/spring-context/5.2.5.RELEASE/spring-context-5.2.5.RELEASE.jar!/org/springframework/context/config/spring-context.xsd" />
    <resource url="http://www.springframework.org/schema/context/spring-context-4.1.xsd" location="$MAVEN_REPOSITORY$/org/springframework/spring-context/5.2.5.RELEASE/spring-context-5.2.5.RELEASE.jar!/org/springframework/context/config/spring-context.xsd" />
    <resource url="http://www.springframework.org/schema/context/spring-context-4.2.xsd" location="$MAVEN_REPOSITORY$/org/springframework/spring-context/5.2.5.RELEASE/spring-context-5.2.5.RELEASE.jar!/org/springframework/context/config/spring-context.xsd" />
    <resource url="http://www.springframework.org/schema/context/spring-context-4.3.xsd" location="$MAVEN_REPOSITORY$/org/springframework/spring-context/5.2.5.RELEASE/spring-context-5.2.5.RELEASE.jar!/org/springframework/context/config/spring-context.xsd" />
    <resource url="http://www.springframework.org/schema/context/spring-context.xsd" location="$MAVEN_REPOSITORY$/org/springframework/spring-context/5.2.5.RELEASE/spring-context-5.2.5.RELEASE.jar!/org/springframework/context/config/spring-context.xsd" />
    <resource url="http://www.springframework.org/schema/data/jpa/spring-jpa-1.0.xsd" location="$MAVEN_REPOSITORY$/org/springframework/data/spring-data-jpa/2.2.6.RELEASE/spring-data-jpa-2.2.6.RELEASE.jar!/org/springframework/data/jpa/repository/config/spring-jpa-1.0.xsd" />
    <resource url="http://www.springframework.org/schema/data/jpa/spring-jpa-1.1.xsd" location="$MAVEN_REPOSITORY$/org/springframework/data/spring-data-jpa/2.2.6.RELEASE/spring-data-jpa-2.2.6.RELEASE.jar!/org/springframework/data/jpa/repository/config/spring-jpa-1.1.xsd" />
    <resource url="http://www.springframework.org/schema/data/jpa/spring-jpa-1.11.xsd" location="$MAVEN_REPOSITORY$/org/springframework/data/spring-data-jpa/2.2.6.RELEASE/spring-data-jpa-2.2.6.RELEASE.jar!/org/springframework/data/jpa/repository/config/spring-jpa-1.11.xsd" />
    <resource url="http://www.springframework.org/schema/data/jpa/spring-jpa-1.2.xsd" location="$MAVEN_REPOSITORY$/org/springframework/data/spring-data-jpa/2.2.6.RELEASE/spring-data-jpa-2.2.6.RELEASE.jar!/org/springframework/data/jpa/repository/config/spring-jpa-1.2.xsd" />
    <resource url="http://www.springframework.org/schema/data/jpa/spring-jpa-1.3.xsd" location="$MAVEN_REPOSITORY$/org/springframework/data/spring-data-jpa/2.2.6.RELEASE/spring-data-jpa-2.2.6.RELEASE.jar!/org/springframework/data/jpa/repository/config/spring-jpa-1.3.xsd" />
    <resource url="http://www.springframework.org/schema/data/jpa/spring-jpa-1.8.xsd" location="$MAVEN_REPOSITORY$/org/springframework/data/spring-data-jpa/2.2.6.RELEASE/spring-data-jpa-2.2.6.RELEASE.jar!/org/springframework/data/jpa/repository/config/spring-jpa-1.8.xsd" />
    <resource url="http://www.springframework.org/schema/data/jpa/spring-jpa.xsd" location="$MAVEN_REPOSITORY$/org/springframework/data/spring-data-jpa/2.2.6.RELEASE/spring-data-jpa-2.2.6.RELEASE.jar!/org/springframework/data/jpa/repository/config/spring-jpa-1.11.xsd" />
    <resource url="http://www.springframework.org/schema/data/repository/spring-repository-1.0.xsd" location="$MAVEN_REPOSITORY$/org/springframework/data/spring-data-commons/2.2.6.RELEASE/spring-data-commons-2.2.6.RELEASE.jar!/org/springframework/data/repository/config/spring-repository-1.0.xsd" />
    <resource url="http://www.springframework.org/schema/data/repository/spring-repository-1.11.xsd" location="$MAVEN_REPOSITORY$/org/springframework/data/spring-data-commons/2.2.6.RELEASE/spring-data-commons-2.2.6.RELEASE.jar!/org/springframework/data/repository/config/spring-repository-1.11.xsd" />
    <resource url="http://www.springframework.org/schema/data/repository/spring-repository-1.4.xsd" location="$MAVEN_REPOSITORY$/org/springframework/data/spring-data-commons/2.2.6.RELEASE/spring-data-commons-2.2.6.RELEASE.jar!/org/springframework/data/repository/config/spring-repository-1.4.xsd" />
    <resource url="http://www.springframework.org/schema/data/repository/spring-repository-1.5.xsd" location="$MAVEN_REPOSITORY$/org/springframework/data/spring-data-commons/2.2.6.RELEASE/spring-data-commons-2.2.6.RELEASE.jar!/org/springframework/data/repository/config/spring-repository-1.5.xsd" />
    <resource url="http://www.springframework.org/schema/data/repository/spring-repository-1.6.xsd" location="$MAVEN_REPOSITORY$/org/springframework/data/spring-data-commons/2.2.6.RELEASE/spring-data-commons-2.2.6.RELEASE.jar!/org/springframework/data/repository/config/spring-repository-1.6.xsd" />
    <resource url="http://www.springframework.org/schema/data/repository/spring-repository-1.7.xsd" location="$MAVEN_REPOSITORY$/org/springframework/data/spring-data-commons/2.2.6.RELEASE/spring-data-commons-2.2.6.RELEASE.jar!/org/springframework/data/repository/config/spring-repository-1.7.xsd" />
    <resource url="http://www.springframework.org/schema/data/repository/spring-repository-1.8.xsd" location="$MAVEN_REPOSITORY$/org/springframework/data/spring-data-commons/2.2.6.RELEASE/spring-data-commons-2.2.6.RELEASE.jar!/org/springframework/data/repository/config/spring-repository-1.8.xsd" />
    <resource url="http://www.springframework.org/schema/data/repository/spring-repository-2.1.xsd" location="$MAVEN_REPOSITORY$/org/springframework/data/spring-data-commons/2.2.6.RELEASE/spring-data-commons-2.2.6.RELEASE.jar!/org/springframework/data/repository/config/spring-repository-2.1.xsd" />
    <resource url="http://www.springframework.org/schema/data/repository/spring-repository.xsd" location="$MAVEN_REPOSITORY$/org/springframework/data/spring-data-commons/2.2.6.RELEASE/spring-data-commons-2.2.6.RELEASE.jar!/org/springframework/data/repository/config/spring-repository-2.1.xsd" />
    <resource url="http://www.springframework.org/schema/jdbc/spring-jdbc-3.0.xsd" location="$MAVEN_REPOSITORY$/org/springframework/spring-jdbc/5.2.5.RELEASE/spring-jdbc-5.2.5.RELEASE.jar!/org/springframework/jdbc/config/spring-jdbc.xsd" />
    <resource url="http://www.springframework.org/schema/jdbc/spring-jdbc-3.1.xsd" location="$MAVEN_REPOSITORY$/org/springframework/spring-jdbc/5.2.5.RELEASE/spring-jdbc-5.2.5.RELEASE.jar!/org/springframework/jdbc/config/spring-jdbc.xsd" />
    <resource url="http://www.springframework.org/schema/jdbc/spring-jdbc-3.2.xsd" location="$MAVEN_REPOSITORY$/org/springframework/spring-jdbc/5.2.5.RELEASE/spring-jdbc-5.2.5.RELEASE.jar!/org/springframework/jdbc/config/spring-jdbc.xsd" />
    <resource url="http://www.springframework.org/schema/jdbc/spring-jdbc-4.0.xsd" location="$MAVEN_REPOSITORY$/org/springframework/spring-jdbc/5.2.5.RELEASE/spring-jdbc-5.2.5.RELEASE.jar!/org/springframework/jdbc/config/spring-jdbc.xsd" />
    <resource url="http://www.springframework.org/schema/jdbc/spring-jdbc-4.1.xsd" location="$MAVEN_REPOSITORY$/org/springframework/spring-jdbc/5.2.5.RELEASE/spring-jdbc-5.2.5.RELEASE.jar!/org/springframework/jdbc/config/spring-jdbc.xsd" />
    <resource url="http://www.springframework.org/schema/jdbc/spring-jdbc-4.2.xsd" location="$MAVEN_REPOSITORY$/org/springframework/spring-jdbc/5.2.5.RELEASE/spring-jdbc-5.2.5.RELEASE.jar!/org/springframework/jdbc/config/spring-jdbc.xsd" />
    <resource url="http://www.springframework.org/schema/jdbc/spring-jdbc-4.3.xsd" location="$MAVEN_REPOSITORY$/org/springframework/spring-jdbc/5.2.5.RELEASE/spring-jdbc-5.2.5.RELEASE.jar!/org/springframework/jdbc/config/spring-jdbc.xsd" />
    <resource url="http://www.springframework.org/schema/jdbc/spring-jdbc.xsd" location="$MAVEN_REPOSITORY$/org/springframework/spring-jdbc/5.2.5.RELEASE/spring-jdbc-5.2.5.RELEASE.jar!/org/springframework/jdbc/config/spring-jdbc.xsd" />
    <resource url="http://www.springframework.org/schema/jee/spring-jee-2.0.xsd" location="$MAVEN_REPOSITORY$/org/springframework/spring-context/5.2.5.RELEASE/spring-context-5.2.5.RELEASE.jar!/org/springframework/ejb/config/spring-jee.xsd" />
    <resource url="http://www.springframework.org/schema/jee/spring-jee-2.5.xsd" location="$MAVEN_REPOSITORY$/org/springframework/spring-context/5.2.5.RELEASE/spring-context-5.2.5.RELEASE.jar!/org/springframework/ejb/config/spring-jee.xsd" />
    <resource url="http://www.springframework.org/schema/jee/spring-jee-3.0.xsd" location="$MAVEN_REPOSITORY$/org/springframework/spring-context/5.2.5.RELEASE/spring-context-5.2.5.RELEASE.jar!/org/springframework/ejb/config/spring-jee.xsd" />
    <resource url="http://www.springframework.org/schema/jee/spring-jee-3.1.xsd" location="$MAVEN_REPOSITORY$/org/springframework/spring-context/5.2.5.RELEASE/spring-context-5.2.5.RELEASE.jar!/org/springframework/ejb/config/spring-jee.xsd" />
    <resource url="http://www.springframework.org/schema/jee/spring-jee-3.2.xsd" location="$MAVEN_REPOSITORY$/org/springframework/spring-context/5.2.5.RELEASE/spring-context-5.2.5.RELEASE.jar!/org/springframework/ejb/config/spring-jee.xsd" />
    <resource url="http://www.springframework.org/schema/jee/spring-jee-4.0.xsd" location="$MAVEN_REPOSITORY$/org/springframework/spring-context/5.2.5.RELEASE/spring-context-5.2.5.RELEASE.jar!/org/springframework/ejb/config/spring-jee.xsd" />
    <resource url="http://www.springframework.org/schema/jee/spring-jee-4.1.xsd" location="$MAVEN_REPOSITORY$/org/springframework/spring-context/5.2.5.RELEASE/spring-context-5.2.5.RELEASE.jar!/org/springframework/ejb/config/spring-jee.xsd" />
    <resource url="http://www.springframework.org/schema/jee/spring-jee-4.2.xsd" location="$MAVEN_REPOSITORY$/org/springframework/spring-context/5.2.5.RELEASE/spring-context-5.2.5.RELEASE.jar!/org/springframework/ejb/config/spring-jee.xsd" />
    <resource url="http://www.springframework.org/schema/jee/spring-jee-4.3.xsd" location="$MAVEN_REPOSITORY$/org/springframework/spring-context/5.2.5.RELEASE/spring-context-5.2.5.RELEASE.jar!/org/springframework/ejb/config/spring-jee.xsd" />
    <resource url="http://www.springframework.org/schema/jee/spring-jee.xsd" location="$MAVEN_REPOSITORY$/org/springframework/spring-context/5.2.5.RELEASE/spring-context-5.2.5.RELEASE.jar!/org/springframework/ejb/config/spring-jee.xsd" />
    <resource url="http://www.springframework.org/schema/lang/spring-lang-2.0.xsd" location="$MAVEN_REPOSITORY$/org/springframework/spring-context/5.2.5.RELEASE/spring-context-5.2.5.RELEASE.jar!/org/springframework/scripting/config/spring-lang.xsd" />
    <resource url="http://www.springframework.org/schema/lang/spring-lang-2.5.xsd" location="$MAVEN_REPOSITORY$/org/springframework/spring-context/5.2.5.RELEASE/spring-context-5.2.5.RELEASE.jar!/org/springframework/scripting/config/spring-lang.xsd" />
    <resource url="http://www.springframework.org/schema/lang/spring-lang-3.0.xsd" location="$MAVEN_REPOSITORY$/org/springframework/spring-context/5.2.5.RELEASE/spring-context-5.2.5.RELEASE.jar!/org/springframework/scripting/config/spring-lang.xsd" />
    <resource url="http://www.springframework.org/schema/lang/spring-lang-3.1.xsd" location="$MAVEN_REPOSITORY$/org/springframework/spring-context/5.2.5.RELEASE/spring-context-5.2.5.RELEASE.jar!/org/springframework/scripting/config/spring-lang.xsd" />
    <resource url="http://www.springframework.org/schema/lang/spring-lang-3.2.xsd" location="$MAVEN_REPOSITORY$/org/springframework/spring-context/5.2.5.RELEASE/spring-context-5.2.5.RELEASE.jar!/org/springframework/scripting/config/spring-lang.xsd" />
    <resource url="http://www.springframework.org/schema/lang/spring-lang-4.0.xsd" location="$MAVEN_REPOSITORY$/org/springframework/spring-context/5.2.5.RELEASE/spring-context-5.2.5.RELEASE.jar!/org/springframework/scripting/config/spring-lang.xsd" />
    <resource url="http://www.springframework.org/schema/lang/spring-lang-4.1.xsd" location="$MAVEN_REPOSITORY$/org/springframework/spring-context/5.2.5.RELEASE/spring-context-5.2.5.RELEASE.jar!/org/springframework/scripting/config/spring-lang.xsd" />
    <resource url="http://www.springframework.org/schema/lang/spring-lang-4.2.xsd" location="$MAVEN_REPOSITORY$/org/springframework/spring-context/5.2.5.RELEASE/spring-context-5.2.5.RELEASE.jar!/org/springframework/scripting/config/spring-lang.xsd" />
    <resource url="http://www.springframework.org/schema/lang/spring-lang-4.3.xsd" location="$MAVEN_REPOSITORY$/org/springframework/spring-context/5.2.5.RELEASE/spring-context-5.2.5.RELEASE.jar!/org/springframework/scripting/config/spring-lang.xsd" />
    <resource url="http://www.springframework.org/schema/lang/spring-lang.xsd" location="$MAVEN_REPOSITORY$/org/springframework/spring-context/5.2.5.RELEASE/spring-context-5.2.5.RELEASE.jar!/org/springframework/scripting/config/spring-lang.xsd" />
    <resource url="http://www.springframework.org/schema/mvc/spring-mvc-3.0.xsd" location="$MAVEN_REPOSITORY$/org/springframework/spring-webmvc/5.2.5.RELEASE/spring-webmvc-5.2.5.RELEASE.jar!/org/springframework/web/servlet/config/spring-mvc.xsd" />
    <resource url="http://www.springframework.org/schema/mvc/spring-mvc-3.1.xsd" location="$MAVEN_REPOSITORY$/org/springframework/spring-webmvc/5.2.5.RELEASE/spring-webmvc-5.2.5.RELEASE.jar!/org/springframework/web/servlet/config/spring-mvc.xsd" />
    <resource url="http://www.springframework.org/schema/mvc/spring-mvc-3.2.xsd" location="$MAVEN_REPOSITORY$/org/springframework/spring-webmvc/5.2.5.RELEASE/spring-webmvc-5.2.5.RELEASE.jar!/org/springframework/web/servlet/config/spring-mvc.xsd" />
    <resource url="http://www.springframework.org/schema/mvc/spring-mvc-4.0.xsd" location="$MAVEN_REPOSITORY$/org/springframework/spring-webmvc/5.2.5.RELEASE/spring-webmvc-5.2.5.RELEASE.jar!/org/springframework/web/servlet/config/spring-mvc.xsd" />
    <resource url="http://www.springframework.org/schema/mvc/spring-mvc-4.1.xsd" location="$MAVEN_REPOSITORY$/org/springframework/spring-webmvc/5.2.5.RELEASE/spring-webmvc-5.2.5.RELEASE.jar!/org/springframework/web/servlet/config/spring-mvc.xsd" />
    <resource url="http://www.springframework.org/schema/mvc/spring-mvc-4.2.xsd" location="$MAVEN_REPOSITORY$/org/springframework/spring-webmvc/5.2.5.RELEASE/spring-webmvc-5.2.5.RELEASE.jar!/org/springframework/web/servlet/config/spring-mvc.xsd" />
    <resource url="http://www.springframework.org/schema/mvc/spring-mvc-4.3.xsd" location="$MAVEN_REPOSITORY$/org/springframework/spring-webmvc/5.2.5.RELEASE/spring-webmvc-5.2.5.RELEASE.jar!/org/springframework/web/servlet/config/spring-mvc.xsd" />
    <resource url="http://www.springframework.org/schema/mvc/spring-mvc.xsd" location="$MAVEN_REPOSITORY$/org/springframework/spring-webmvc/5.2.5.RELEASE/spring-webmvc-5.2.5.RELEASE.jar!/org/springframework/web/servlet/config/spring-mvc.xsd" />
    <resource url="http://www.springframework.org/schema/plugin/spring-plugin.xsd" location="$MAVEN_REPOSITORY$/org/springframework/plugin/spring-plugin-core/2.0.0.RELEASE/spring-plugin-core-2.0.0.RELEASE.jar!/org/springframework/plugin/core/config/spring-plugin.xsd" />
    <resource url="http://www.springframework.org/schema/task/spring-task-3.0.xsd" location="$MAVEN_REPOSITORY$/org/springframework/spring-context/5.2.5.RELEASE/spring-context-5.2.5.RELEASE.jar!/org/springframework/scheduling/config/spring-task.xsd" />
    <resource url="http://www.springframework.org/schema/task/spring-task-3.1.xsd" location="$MAVEN_REPOSITORY$/org/springframework/spring-context/5.2.5.RELEASE/spring-context-5.2.5.RELEASE.jar!/org/springframework/scheduling/config/spring-task.xsd" />
    <resource url="http://www.springframework.org/schema/task/spring-task-3.2.xsd" location="$MAVEN_REPOSITORY$/org/springframework/spring-context/5.2.5.RELEASE/spring-context-5.2.5.RELEASE.jar!/org/springframework/scheduling/config/spring-task.xsd" />
    <resource url="http://www.springframework.org/schema/task/spring-task-4.0.xsd" location="$MAVEN_REPOSITORY$/org/springframework/spring-context/5.2.5.RELEASE/spring-context-5.2.5.RELEASE.jar!/org/springframework/scheduling/config/spring-task.xsd" />
    <resource url="http://www.springframework.org/schema/task/spring-task-4.1.xsd" location="$MAVEN_REPOSITORY$/org/springframework/spring-context/5.2.5.RELEASE/spring-context-5.2.5.RELEASE.jar!/org/springframework/scheduling/config/spring-task.xsd" />
    <resource url="http://www.springframework.org/schema/task/spring-task-4.2.xsd" location="$MAVEN_REPOSITORY$/org/springframework/spring-context/5.2.5.RELEASE/spring-context-5.2.5.RELEASE.jar!/org/springframework/scheduling/config/spring-task.xsd" />
    <resource url="http://www.springframework.org/schema/task/spring-task-4.3.xsd" location="$MAVEN_REPOSITORY$/org/springframework/spring-context/5.2.5.RELEASE/spring-context-5.2.5.RELEASE.jar!/org/springframework/scheduling/config/spring-task.xsd" />
    <resource url="http://www.springframework.org/schema/task/spring-task.xsd" location="$MAVEN_REPOSITORY$/org/springframework/spring-context/5.2.5.RELEASE/spring-context-5.2.5.RELEASE.jar!/org/springframework/scheduling/config/spring-task.xsd" />
    <resource url="http://www.springframework.org/schema/tool/spring-tool-2.0.xsd" location="$MAVEN_REPOSITORY$/org/springframework/spring-beans/5.2.5.RELEASE/spring-beans-5.2.5.RELEASE.jar!/org/springframework/beans/factory/xml/spring-tool.xsd" />
    <resource url="http://www.springframework.org/schema/tool/spring-tool-2.5.xsd" location="$MAVEN_REPOSITORY$/org/springframework/spring-beans/5.2.5.RELEASE/spring-beans-5.2.5.RELEASE.jar!/org/springframework/beans/factory/xml/spring-tool.xsd" />
    <resource url="http://www.springframework.org/schema/tool/spring-tool-3.0.xsd" location="$MAVEN_REPOSITORY$/org/springframework/spring-beans/5.2.5.RELEASE/spring-beans-5.2.5.RELEASE.jar!/org/springframework/beans/factory/xml/spring-tool.xsd" />
    <resource url="http://www.springframework.org/schema/tool/spring-tool-3.1.xsd" location="$MAVEN_REPOSITORY$/org/springframework/spring-beans/5.2.5.RELEASE/spring-beans-5.2.5.RELEASE.jar!/org/springframework/beans/factory/xml/spring-tool.xsd" />
    <resource url="http://www.springframework.org/schema/tool/spring-tool-3.2.xsd" location="$MAVEN_REPOSITORY$/org/springframework/spring-beans/5.2.5.RELEASE/spring-beans-5.2.5.RELEASE.jar!/org/springframework/beans/factory/xml/spring-tool.xsd" />
    <resource url="http://www.springframework.org/schema/tool/spring-tool-4.0.xsd" location="$MAVEN_REPOSITORY$/org/springframework/spring-beans/5.2.5.RELEASE/spring-beans-5.2.5.RELEASE.jar!/org/springframework/beans/factory/xml/spring-tool.xsd" />
    <resource url="http://www.springframework.org/schema/tool/spring-tool-4.1.xsd" location="$MAVEN_REPOSITORY$/org/springframework/spring-beans/5.2.5.RELEASE/spring-beans-5.2.5.RELEASE.jar!/org/springframework/beans/factory/xml/spring-tool.xsd" />
    <resource url="http://www.springframework.org/schema/tool/spring-tool-4.2.xsd" location="$MAVEN_REPOSITORY$/org/springframework/spring-beans/5.2.5.RELEASE/spring-beans-5.2.5.RELEASE.jar!/org/springframework/beans/factory/xml/spring-tool.xsd" />
    <resource url="http://www.springframework.org/schema/tool/spring-tool-4.3.xsd" location="$MAVEN_REPOSITORY$/org/springframework/spring-beans/5.2.5.RELEASE/spring-beans-5.2.5.RELEASE.jar!/org/springframework/beans/factory/xml/spring-tool.xsd" />
    <resource url="http://www.springframework.org/schema/tool/spring-tool.xsd" location="$MAVEN_REPOSITORY$/org/springframework/spring-beans/5.2.5.RELEASE/spring-beans-5.2.5.RELEASE.jar!/org/springframework/beans/factory/xml/spring-tool.xsd" />
    <resource url="http://www.springframework.org/schema/tx/spring-tx-2.0.xsd" location="$MAVEN_REPOSITORY$/org/springframework/spring-tx/5.2.5.RELEASE/spring-tx-5.2.5.RELEASE.jar!/org/springframework/transaction/config/spring-tx.xsd" />
    <resource url="http://www.springframework.org/schema/tx/spring-tx-2.5.xsd" location="$MAVEN_REPOSITORY$/org/springframework/spring-tx/5.2.5.RELEASE/spring-tx-5.2.5.RELEASE.jar!/org/springframework/transaction/config/spring-tx.xsd" />
    <resource url="http://www.springframework.org/schema/tx/spring-tx-3.0.xsd" location="$MAVEN_REPOSITORY$/org/springframework/spring-tx/5.2.5.RELEASE/spring-tx-5.2.5.RELEASE.jar!/org/springframework/transaction/config/spring-tx.xsd" />
    <resource url="http://www.springframework.org/schema/tx/spring-tx-3.1.xsd" location="$MAVEN_REPOSITORY$/org/springframework/spring-tx/5.2.5.RELEASE/spring-tx-5.2.5.RELEASE.jar!/org/springframework/transaction/config/spring-tx.xsd" />
    <resource url="http://www.springframework.org/schema/tx/spring-tx-3.2.xsd" location="$MAVEN_REPOSITORY$/org/springframework/spring-tx/5.2.5.RELEASE/spring-tx-5.2.5.RELEASE.jar!/org/springframework/transaction/config/spring-tx.xsd" />
    <resource url="http://www.springframework.org/schema/tx/spring-tx-4.0.xsd" location="$MAVEN_REPOSITORY$/org/springframework/spring-tx/5.2.5.RELEASE/spring-tx-5.2.5.RELEASE.jar!/org/springframework/transaction/config/spring-tx.xsd" />
    <resource url="http://www.springframework.org/schema/tx/spring-tx-4.1.xsd" location="$MAVEN_REPOSITORY$/org/springframework/spring-tx/5.2.5.RELEASE/spring-tx-5.2.5.RELEASE.jar!/org/springframework/transaction/config/spring-tx.xsd" />
    <resource url="http://www.springframework.org/schema/tx/spring-tx-4.2.xsd" location="$MAVEN_REPOSITORY$/org/springframework/spring-tx/5.2.5.RELEASE/spring-tx-5.2.5.RELEASE.jar!/org/springframework/transaction/config/spring-tx.xsd" />
    <resource url="http://www.springframework.org/schema/tx/spring-tx-4.3.xsd" location="$MAVEN_REPOSITORY$/org/springframework/spring-tx/5.2.5.RELEASE/spring-tx-5.2.5.RELEASE.jar!/org/springframework/transaction/config/spring-tx.xsd" />
    <resource url="http://www.springframework.org/schema/tx/spring-tx.xsd" location="$MAVEN_REPOSITORY$/org/springframework/spring-tx/5.2.5.RELEASE/spring-tx-5.2.5.RELEASE.jar!/org/springframework/transaction/config/spring-tx.xsd" />
    <resource url="http://www.springframework.org/schema/util/spring-util-2.0.xsd" location="$MAVEN_REPOSITORY$/org/springframework/spring-beans/5.2.5.RELEASE/spring-beans-5.2.5.RELEASE.jar!/org/springframework/beans/factory/xml/spring-util.xsd" />
    <resource url="http://www.springframework.org/schema/util/spring-util-2.5.xsd" location="$MAVEN_REPOSITORY$/org/springframework/spring-beans/5.2.5.RELEASE/spring-beans-5.2.5.RELEASE.jar!/org/springframework/beans/factory/xml/spring-util.xsd" />
    <resource url="http://www.springframework.org/schema/util/spring-util-3.0.xsd" location="$MAVEN_REPOSITORY$/org/springframework/spring-beans/5.2.5.RELEASE/spring-beans-5.2.5.RELEASE.jar!/org/springframework/beans/factory/xml/spring-util.xsd" />
    <resource url="http://www.springframework.org/schema/util/spring-util-3.1.xsd" location="$MAVEN_REPOSITORY$/org/springframework/spring-beans/5.2.5.RELEASE/spring-beans-5.2.5.RELEASE.jar!/org/springframework/beans/factory/xml/spring-util.xsd" />
    <resource url="http://www.springframework.org/schema/util/spring-util-3.2.xsd" location="$MAVEN_REPOSITORY$/org/springframework/spring-beans/5.2.5.RELEASE/spring-beans-5.2.5.RELEASE.jar!/org/springframework/beans/factory/xml/spring-util.xsd" />
    <resource url="http://www.springframework.org/schema/util/spring-util-4.0.xsd" location="$MAVEN_REPOSITORY$/org/springframework/spring-beans/5.2.5.RELEASE/spring-beans-5.2.5.RELEASE.jar!/org/springframework/beans/factory/xml/spring-util.xsd" />
    <resource url="http://www.springframework.org/schema/util/spring-util-4.1.xsd" location="$MAVEN_REPOSITORY$/org/springframework/spring-beans/5.2.5.RELEASE/spring-beans-5.2.5.RELEASE.jar!/org/springframework/beans/factory/xml/spring-util.xsd" />
    <resource url="http://www.springframework.org/schema/util/spring-util-4.2.xsd" location="$MAVEN_REPOSITORY$/org/springframework/spring-beans/5.2.5.RELEASE/spring-beans-5.2.5.RELEASE.jar!/org/springframework/beans/factory/xml/spring-util.xsd" />
    <resource url="http://www.springframework.org/schema/util/spring-util-4.3.xsd" location="$MAVEN_REPOSITORY$/org/springframework/spring-beans/5.2.5.RELEASE/spring-beans-5.2.5.RELEASE.jar!/org/springframework/beans/factory/xml/spring-util.xsd" />
    <resource url="http://www.springframework.org/schema/util/spring-util.xsd" location="$MAVEN_REPOSITORY$/org/springframework/spring-beans/5.2.5.RELEASE/spring-beans-5.2.5.RELEASE.jar!/org/springframework/beans/factory/xml/spring-util.xsd" />
    <resource url="https://www.springframework.org/schema/aop/spring-aop-2.0.xsd" location="$MAVEN_REPOSITORY$/org/springframework/spring-aop/5.2.5.RELEASE/spring-aop-5.2.5.RELEASE.jar!/org/springframework/aop/config/spring-aop.xsd" />
    <resource url="https://www.springframework.org/schema/aop/spring-aop-2.5.xsd" location="$MAVEN_REPOSITORY$/org/springframework/spring-aop/5.2.5.RELEASE/spring-aop-5.2.5.RELEASE.jar!/org/springframework/aop/config/spring-aop.xsd" />
    <resource url="https://www.springframework.org/schema/aop/spring-aop-3.0.xsd" location="$MAVEN_REPOSITORY$/org/springframework/spring-aop/5.2.5.RELEASE/spring-aop-5.2.5.RELEASE.jar!/org/springframework/aop/config/spring-aop.xsd" />
    <resource url="https://www.springframework.org/schema/aop/spring-aop-3.1.xsd" location="$MAVEN_REPOSITORY$/org/springframework/spring-aop/5.2.5.RELEASE/spring-aop-5.2.5.RELEASE.jar!/org/springframework/aop/config/spring-aop.xsd" />
    <resource url="https://www.springframework.org/schema/aop/spring-aop-3.2.xsd" location="$MAVEN_REPOSITORY$/org/springframework/spring-aop/5.2.5.RELEASE/spring-aop-5.2.5.RELEASE.jar!/org/springframework/aop/config/spring-aop.xsd" />
    <resource url="https://www.springframework.org/schema/aop/spring-aop-4.0.xsd" location="$MAVEN_REPOSITORY$/org/springframework/spring-aop/5.2.5.RELEASE/spring-aop-5.2.5.RELEASE.jar!/org/springframework/aop/config/spring-aop.xsd" />
    <resource url="https://www.springframework.org/schema/aop/spring-aop-4.1.xsd" location="$MAVEN_REPOSITORY$/org/springframework/spring-aop/5.2.5.RELEASE/spring-aop-5.2.5.RELEASE.jar!/org/springframework/aop/config/spring-aop.xsd" />
    <resource url="https://www.springframework.org/schema/aop/spring-aop-4.2.xsd" location="$MAVEN_REPOSITORY$/org/springframework/spring-aop/5.2.5.RELEASE/spring-aop-5.2.5.RELEASE.jar!/org/springframework/aop/config/spring-aop.xsd" />
    <resource url="https://www.springframework.org/schema/aop/spring-aop-4.3.xsd" location="$MAVEN_REPOSITORY$/org/springframework/spring-aop/5.2.5.RELEASE/spring-aop-5.2.5.RELEASE.jar!/org/springframework/aop/config/spring-aop.xsd" />
    <resource url="https://www.springframework.org/schema/aop/spring-aop.xsd" location="$MAVEN_REPOSITORY$/org/springframework/spring-aop/5.2.5.RELEASE/spring-aop-5.2.5.RELEASE.jar!/org/springframework/aop/config/spring-aop.xsd" />
    <resource url="https://www.springframework.org/schema/beans/spring-beans-2.0.xsd" location="$MAVEN_REPOSITORY$/org/springframework/spring-beans/5.2.5.RELEASE/spring-beans-5.2.5.RELEASE.jar!/org/springframework/beans/factory/xml/spring-beans.xsd" />
    <resource url="https://www.springframework.org/schema/beans/spring-beans-2.5.xsd" location="$MAVEN_REPOSITORY$/org/springframework/spring-beans/5.2.5.RELEASE/spring-beans-5.2.5.RELEASE.jar!/org/springframework/beans/factory/xml/spring-beans.xsd" />
    <resource url="https://www.springframework.org/schema/beans/spring-beans-3.0.xsd" location="$MAVEN_REPOSITORY$/org/springframework/spring-beans/5.2.5.RELEASE/spring-beans-5.2.5.RELEASE.jar!/org/springframework/beans/factory/xml/spring-beans.xsd" />
    <resource url="https://www.springframework.org/schema/beans/spring-beans-3.1.xsd" location="$MAVEN_REPOSITORY$/org/springframework/spring-beans/5.2.5.RELEASE/spring-beans-5.2.5.RELEASE.jar!/org/springframework/beans/factory/xml/spring-beans.xsd" />
    <resource url="https://www.springframework.org/schema/beans/spring-beans-3.2.xsd" location="$MAVEN_REPOSITORY$/org/springframework/spring-beans/5.2.5.RELEASE/spring-beans-5.2.5.RELEASE.jar!/org/springframework/beans/factory/xml/spring-beans.xsd" />
    <resource url="https://www.springframework.org/schema/beans/spring-beans-4.0.xsd" location="$MAVEN_REPOSITORY$/org/springframework/spring-beans/5.2.5.RELEASE/spring-beans-5.2.5.RELEASE.jar!/org/springframework/beans/factory/xml/spring-beans.xsd" />
    <resource url="https://www.springframework.org/schema/beans/spring-beans-4.1.xsd" location="$MAVEN_REPOSITORY$/org/springframework/spring-beans/5.2.5.RELEASE/spring-beans-5.2.5.RELEASE.jar!/org/springframework/beans/factory/xml/spring-beans.xsd" />
    <resource url="https://www.springframework.org/schema/beans/spring-beans-4.2.xsd" location="$MAVEN_REPOSITORY$/org/springframework/spring-beans/5.2.5.RELEASE/spring-beans-5.2.5.RELEASE.jar!/org/springframework/beans/factory/xml/spring-beans.xsd" />
    <resource url="https://www.springframework.org/schema/beans/spring-beans-4.3.xsd" location="$MAVEN_REPOSITORY$/org/springframework/spring-beans/5.2.5.RELEASE/spring-beans-5.2.5.RELEASE.jar!/org/springframework/beans/factory/xml/spring-beans.xsd" />
    <resource url="https://www.springframework.org/schema/beans/spring-beans.xsd" location="$MAVEN_REPOSITORY$/org/springframework/spring-beans/5.2.5.RELEASE/spring-beans-5.2.5.RELEASE.jar!/org/springframework/beans/factory/xml/spring-beans.xsd" />
    <resource url="https://www.springframework.org/schema/cache/spring-cache-3.1.xsd" location="$MAVEN_REPOSITORY$/org/springframework/spring-context/5.2.5.RELEASE/spring-context-5.2.5.RELEASE.jar!/org/springframework/cache/config/spring-cache.xsd" />
    <resource url="https://www.springframework.org/schema/cache/spring-cache-3.2.xsd" location="$MAVEN_REPOSITORY$/org/springframework/spring-context/5.2.5.RELEASE/spring-context-5.2.5.RELEASE.jar!/org/springframework/cache/config/spring-cache.xsd" />
    <resource url="https://www.springframework.org/schema/cache/spring-cache-4.0.xsd" location="$MAVEN_REPOSITORY$/org/springframework/spring-context/5.2.5.RELEASE/spring-context-5.2.5.RELEASE.jar!/org/springframework/cache/config/spring-cache.xsd" />
    <resource url="https://www.springframework.org/schema/cache/spring-cache-4.1.xsd" location="$MAVEN_REPOSITORY$/org/springframework/spring-context/5.2.5.RELEASE/spring-context-5.2.5.RELEASE.jar!/org/springframework/cache/config/spring-cache.xsd" />
    <resource url="https://www.springframework.org/schema/cache/spring-cache-4.2.xsd" location="$MAVEN_REPOSITORY$/org/springframework/spring-context/5.2.5.RELEASE/spring-context-5.2.5.RELEASE.jar!/org/springframework/cache/config/spring-cache.xsd" />
    <resource url="https://www.springframework.org/schema/cache/spring-cache-4.3.xsd" location="$MAVEN_REPOSITORY$/org/springframework/spring-context/5.2.5.RELEASE/spring-context-5.2.5.RELEASE.jar!/org/springframework/cache/config/spring-cache.xsd" />
    <resource url="https://www.springframework.org/schema/cache/spring-cache.xsd" location="$MAVEN_REPOSITORY$/org/springframework/spring-context/5.2.5.RELEASE/spring-context-5.2.5.RELEASE.jar!/org/springframework/cache/config/spring-cache.xsd" />
    <resource url="https://www.springframework.org/schema/context/spring-context-2.5.xsd" location="$MAVEN_REPOSITORY$/org/springframework/spring-context/5.2.5.RELEASE/spring-context-5.2.5.RELEASE.jar!/org/springframework/context/config/spring-context.xsd" />
    <resource url="https://www.springframework.org/schema/context/spring-context-3.0.xsd" location="$MAVEN_REPOSITORY$/org/springframework/spring-context/5.2.5.RELEASE/spring-context-5.2.5.RELEASE.jar!/org/springframework/context/config/spring-context.xsd" />
    <resource url="https://www.springframework.org/schema/context/spring-context-3.1.xsd" location="$MAVEN_REPOSITORY$/org/springframework/spring-context/5.2.5.RELEASE/spring-context-5.2.5.RELEASE.jar!/org/springframework/context/config/spring-context.xsd" />
    <resource url="https://www.springframework.org/schema/context/spring-context-3.2.xsd" location="$MAVEN_REPOSITORY$/org/springframework/spring-context/5.2.5.RELEASE/spring-context-5.2.5.RELEASE.jar!/org/springframework/context/config/spring-context.xsd" />
    <resource url="https://www.springframework.org/schema/context/spring-context-4.0.xsd" location="$MAVEN_REPOSITORY$/org/springframework/spring-context/5.2.5.RELEASE/spring-context-5.2.5.RELEASE.jar!/org/springframework/context/config/spring-context.xsd" />
    <resource url="https://www.springframework.org/schema/context/spring-context-4.1.xsd" location="$MAVEN_REPOSITORY$/org/springframework/spring-context/5.2.5.RELEASE/spring-context-5.2.5.RELEASE.jar!/org/springframework/context/config/spring-context.xsd" />
    <resource url="https://www.springframework.org/schema/context/spring-context-4.2.xsd" location="$MAVEN_REPOSITORY$/org/springframework/spring-context/5.2.5.RELEASE/spring-context-5.2.5.RELEASE.jar!/org/springframework/context/config/spring-context.xsd" />
    <resource url="https://www.springframework.org/schema/context/spring-context-4.3.xsd" location="$MAVEN_REPOSITORY$/org/springframework/spring-context/5.2.5.RELEASE/spring-context-5.2.5.RELEASE.jar!/org/springframework/context/config/spring-context.xsd" />
    <resource url="https://www.springframework.org/schema/context/spring-context.xsd" location="$MAVEN_REPOSITORY$/org/springframework/spring-context/5.2.5.RELEASE/spring-context-5.2.5.RELEASE.jar!/org/springframework/context/config/spring-context.xsd" />
    <resource url="https://www.springframework.org/schema/data/jpa/spring-jpa-1.0.xsd" location="$MAVEN_REPOSITORY$/org/springframework/data/spring-data-jpa/2.2.6.RELEASE/spring-data-jpa-2.2.6.RELEASE.jar!/org/springframework/data/jpa/repository/config/spring-jpa-1.0.xsd" />
    <resource url="https://www.springframework.org/schema/data/jpa/spring-jpa-1.1.xsd" location="$MAVEN_REPOSITORY$/org/springframework/data/spring-data-jpa/2.2.6.RELEASE/spring-data-jpa-2.2.6.RELEASE.jar!/org/springframework/data/jpa/repository/config/spring-jpa-1.1.xsd" />
    <resource url="https://www.springframework.org/schema/data/jpa/spring-jpa-1.11.xsd" location="$MAVEN_REPOSITORY$/org/springframework/data/spring-data-jpa/2.2.6.RELEASE/spring-data-jpa-2.2.6.RELEASE.jar!/org/springframework/data/jpa/repository/config/spring-jpa-1.11.xsd" />
    <resource url="https://www.springframework.org/schema/data/jpa/spring-jpa-1.2.xsd" location="$MAVEN_REPOSITORY$/org/springframework/data/spring-data-jpa/2.2.6.RELEASE/spring-data-jpa-2.2.6.RELEASE.jar!/org/springframework/data/jpa/repository/config/spring-jpa-1.2.xsd" />
    <resource url="https://www.springframework.org/schema/data/jpa/spring-jpa-1.3.xsd" location="$MAVEN_REPOSITORY$/org/springframework/data/spring-data-jpa/2.2.6.RELEASE/spring-data-jpa-2.2.6.RELEASE.jar!/org/springframework/data/jpa/repository/config/spring-jpa-1.3.xsd" />
    <resource url="https://www.springframework.org/schema/data/jpa/spring-jpa-1.8.xsd" location="$MAVEN_REPOSITORY$/org/springframework/data/spring-data-jpa/2.2.6.RELEASE/spring-data-jpa-2.2.6.RELEASE.jar!/org/springframework/data/jpa/repository/config/spring-jpa-1.8.xsd" />
    <resource url="https://www.springframework.org/schema/data/jpa/spring-jpa.xsd" location="$MAVEN_REPOSITORY$/org/springframework/data/spring-data-jpa/2.2.6.RELEASE/spring-data-jpa-2.2.6.RELEASE.jar!/org/springframework/data/jpa/repository/config/spring-jpa-1.11.xsd" />
    <resource url="https://www.springframework.org/schema/data/repository/spring-repository-1.0.xsd" location="$MAVEN_REPOSITORY$/org/springframework/data/spring-data-commons/2.2.6.RELEASE/spring-data-commons-2.2.6.RELEASE.jar!/org/springframework/data/repository/config/spring-repository-1.0.xsd" />
    <resource url="https://www.springframework.org/schema/data/repository/spring-repository-1.11.xsd" location="$MAVEN_REPOSITORY$/org/springframework/data/spring-data-commons/2.2.6.RELEASE/spring-data-commons-2.2.6.RELEASE.jar!/org/springframework/data/repository/config/spring-repository-1.11.xsd" />
    <resource url="https://www.springframework.org/schema/data/repository/spring-repository-1.4.xsd" location="$MAVEN_REPOSITORY$/org/springframework/data/spring-data-commons/2.2.6.RELEASE/spring-data-commons-2.2.6.RELEASE.jar!/org/springframework/data/repository/config/spring-repository-1.4.xsd" />
    <resource url="https://www.springframework.org/schema/data/repository/spring-repository-1.5.xsd" location="$MAVEN_REPOSITORY$/org/springframework/data/spring-data-commons/2.2.6.RELEASE/spring-data-commons-2.2.6.RELEASE.jar!/org/springframework/data/repository/config/spring-repository-1.5.xsd" />
    <resource url="https://www.springframework.org/schema/data/repository/spring-repository-1.6.xsd" location="$MAVEN_REPOSITORY$/org/springframework/data/spring-data-commons/2.2.6.RELEASE/spring-data-commons-2.2.6.RELEASE.jar!/org/springframework/data/repository/config/spring-repository-1.6.xsd" />
    <resource url="https://www.springframework.org/schema/data/repository/spring-repository-1.7.xsd" location="$MAVEN_REPOSITORY$/org/springframework/data/spring-data-commons/2.2.6.RELEASE/spring-data-commons-2.2.6.RELEASE.jar!/org/springframework/data/repository/config/spring-repository-1.7.xsd" />
    <resource url="https://www.springframework.org/schema/data/repository/spring-repository-1.8.xsd" location="$MAVEN_REPOSITORY$/org/springframework/data/spring-data-commons/2.2.6.RELEASE/spring-data-commons-2.2.6.RELEASE.jar!/org/springframework/data/repository/config/spring-repository-1.8.xsd" />
    <resource url="https://www.springframework.org/schema/data/repository/spring-repository-2.1.xsd" location="$MAVEN_REPOSITORY$/org/springframework/data/spring-data-commons/2.2.6.RELEASE/spring-data-commons-2.2.6.RELEASE.jar!/org/springframework/data/repository/config/spring-repository-2.1.xsd" />
    <resource url="https://www.springframework.org/schema/data/repository/spring-repository.xsd" location="$MAVEN_REPOSITORY$/org/springframework/data/spring-data-commons/2.2.6.RELEASE/spring-data-commons-2.2.6.RELEASE.jar!/org/springframework/data/repository/config/spring-repository-2.1.xsd" />
    <resource url="https://www.springframework.org/schema/jdbc/spring-jdbc-3.0.xsd" location="$MAVEN_REPOSITORY$/org/springframework/spring-jdbc/5.2.5.RELEASE/spring-jdbc-5.2.5.RELEASE.jar!/org/springframework/jdbc/config/spring-jdbc.xsd" />
    <resource url="https://www.springframework.org/schema/jdbc/spring-jdbc-3.1.xsd" location="$MAVEN_REPOSITORY$/org/springframework/spring-jdbc/5.2.5.RELEASE/spring-jdbc-5.2.5.RELEASE.jar!/org/springframework/jdbc/config/spring-jdbc.xsd" />
    <resource url="https://www.springframework.org/schema/jdbc/spring-jdbc-3.2.xsd" location="$MAVEN_REPOSITORY$/org/springframework/spring-jdbc/5.2.5.RELEASE/spring-jdbc-5.2.5.RELEASE.jar!/org/springframework/jdbc/config/spring-jdbc.xsd" />
    <resource url="https://www.springframework.org/schema/jdbc/spring-jdbc-4.0.xsd" location="$MAVEN_REPOSITORY$/org/springframework/spring-jdbc/5.2.5.RELEASE/spring-jdbc-5.2.5.RELEASE.jar!/org/springframework/jdbc/config/spring-jdbc.xsd" />
    <resource url="https://www.springframework.org/schema/jdbc/spring-jdbc-4.1.xsd" location="$MAVEN_REPOSITORY$/org/springframework/spring-jdbc/5.2.5.RELEASE/spring-jdbc-5.2.5.RELEASE.jar!/org/springframework/jdbc/config/spring-jdbc.xsd" />
    <resource url="https://www.springframework.org/schema/jdbc/spring-jdbc-4.2.xsd" location="$MAVEN_REPOSITORY$/org/springframework/spring-jdbc/5.2.5.RELEASE/spring-jdbc-5.2.5.RELEASE.jar!/org/springframework/jdbc/config/spring-jdbc.xsd" />
    <resource url="https://www.springframework.org/schema/jdbc/spring-jdbc-4.3.xsd" location="$MAVEN_REPOSITORY$/org/springframework/spring-jdbc/5.2.5.RELEASE/spring-jdbc-5.2.5.RELEASE.jar!/org/springframework/jdbc/config/spring-jdbc.xsd" />
    <resource url="https://www.springframework.org/schema/jdbc/spring-jdbc.xsd" location="$MAVEN_REPOSITORY$/org/springframework/spring-jdbc/5.2.5.RELEASE/spring-jdbc-5.2.5.RELEASE.jar!/org/springframework/jdbc/config/spring-jdbc.xsd" />
    <resource url="https://www.springframework.org/schema/jee/spring-jee-2.0.xsd" location="$MAVEN_REPOSITORY$/org/springframework/spring-context/5.2.5.RELEASE/spring-context-5.2.5.RELEASE.jar!/org/springframework/ejb/config/spring-jee.xsd" />
    <resource url="https://www.springframework.org/schema/jee/spring-jee-2.5.xsd" location="$MAVEN_REPOSITORY$/org/springframework/spring-context/5.2.5.RELEASE/spring-context-5.2.5.RELEASE.jar!/org/springframework/ejb/config/spring-jee.xsd" />
    <resource url="https://www.springframework.org/schema/jee/spring-jee-3.0.xsd" location="$MAVEN_REPOSITORY$/org/springframework/spring-context/5.2.5.RELEASE/spring-context-5.2.5.RELEASE.jar!/org/springframework/ejb/config/spring-jee.xsd" />
    <resource url="https://www.springframework.org/schema/jee/spring-jee-3.1.xsd" location="$MAVEN_REPOSITORY$/org/springframework/spring-context/5.2.5.RELEASE/spring-context-5.2.5.RELEASE.jar!/org/springframework/ejb/config/spring-jee.xsd" />
    <resource url="https://www.springframework.org/schema/jee/spring-jee-3.2.xsd" location="$MAVEN_REPOSITORY$/org/springframework/spring-context/5.2.5.RELEASE/spring-context-5.2.5.RELEASE.jar!/org/springframework/ejb/config/spring-jee.xsd" />
    <resource url="https://www.springframework.org/schema/jee/spring-jee-4.0.xsd" location="$MAVEN_REPOSITORY$/org/springframework/spring-context/5.2.5.RELEASE/spring-context-5.2.5.RELEASE.jar!/org/springframework/ejb/config/spring-jee.xsd" />
    <resource url="https://www.springframework.org/schema/jee/spring-jee-4.1.xsd" location="$MAVEN_REPOSITORY$/org/springframework/spring-context/5.2.5.RELEASE/spring-context-5.2.5.RELEASE.jar!/org/springframework/ejb/config/spring-jee.xsd" />
    <resource url="https://www.springframework.org/schema/jee/spring-jee-4.2.xsd" location="$MAVEN_REPOSITORY$/org/springframework/spring-context/5.2.5.RELEASE/spring-context-5.2.5.RELEASE.jar!/org/springframework/ejb/config/spring-jee.xsd" />
    <resource url="https://www.springframework.org/schema/jee/spring-jee-4.3.xsd" location="$MAVEN_REPOSITORY$/org/springframework/spring-context/5.2.5.RELEASE/spring-context-5.2.5.RELEASE.jar!/org/springframework/ejb/config/spring-jee.xsd" />
    <resource url="https://www.springframework.org/schema/jee/spring-jee.xsd" location="$MAVEN_REPOSITORY$/org/springframework/spring-context/5.2.5.RELEASE/spring-context-5.2.5.RELEASE.jar!/org/springframework/ejb/config/spring-jee.xsd" />
    <resource url="https://www.springframework.org/schema/lang/spring-lang-2.0.xsd" location="$MAVEN_REPOSITORY$/org/springframework/spring-context/5.2.5.RELEASE/spring-context-5.2.5.RELEASE.jar!/org/springframework/scripting/config/spring-lang.xsd" />
    <resource url="https://www.springframework.org/schema/lang/spring-lang-2.5.xsd" location="$MAVEN_REPOSITORY$/org/springframework/spring-context/5.2.5.RELEASE/spring-context-5.2.5.RELEASE.jar!/org/springframework/scripting/config/spring-lang.xsd" />
    <resource url="https://www.springframework.org/schema/lang/spring-lang-3.0.xsd" location="$MAVEN_REPOSITORY$/org/springframework/spring-context/5.2.5.RELEASE/spring-context-5.2.5.RELEASE.jar!/org/springframework/scripting/config/spring-lang.xsd" />
    <resource url="https://www.springframework.org/schema/lang/spring-lang-3.1.xsd" location="$MAVEN_REPOSITORY$/org/springframework/spring-context/5.2.5.RELEASE/spring-context-5.2.5.RELEASE.jar!/org/springframework/scripting/config/spring-lang.xsd" />
    <resource url="https://www.springframework.org/schema/lang/spring-lang-3.2.xsd" location="$MAVEN_REPOSITORY$/org/springframework/spring-context/5.2.5.RELEASE/spring-context-5.2.5.RELEASE.jar!/org/springframework/scripting/config/spring-lang.xsd" />
    <resource url="https://www.springframework.org/schema/lang/spring-lang-4.0.xsd" location="$MAVEN_REPOSITORY$/org/springframework/spring-context/5.2.5.RELEASE/spring-context-5.2.5.RELEASE.jar!/org/springframework/scripting/config/spring-lang.xsd" />
    <resource url="https://www.springframework.org/schema/lang/spring-lang-4.1.xsd" location="$MAVEN_REPOSITORY$/org/springframework/spring-context/5.2.5.RELEASE/spring-context-5.2.5.RELEASE.jar!/org/springframework/scripting/config/spring-lang.xsd" />
    <resource url="https://www.springframework.org/schema/lang/spring-lang-4.2.xsd" location="$MAVEN_REPOSITORY$/org/springframework/spring-context/5.2.5.RELEASE/spring-context-5.2.5.RELEASE.jar!/org/springframework/scripting/config/spring-lang.xsd" />
    <resource url="https://www.springframework.org/schema/lang/spring-lang-4.3.xsd" location="$MAVEN_REPOSITORY$/org/springframework/spring-context/5.2.5.RELEASE/spring-context-5.2.5.RELEASE.jar!/org/springframework/scripting/config/spring-lang.xsd" />
    <resource url="https://www.springframework.org/schema/lang/spring-lang.xsd" location="$MAVEN_REPOSITORY$/org/springframework/spring-context/5.2.5.RELEASE/spring-context-5.2.5.RELEASE.jar!/org/springframework/scripting/config/spring-lang.xsd" />
    <resource url="https://www.springframework.org/schema/mvc/spring-mvc-3.0.xsd" location="$MAVEN_REPOSITORY$/org/springframework/spring-webmvc/5.2.5.RELEASE/spring-webmvc-5.2.5.RELEASE.jar!/org/springframework/web/servlet/config/spring-mvc.xsd" />
    <resource url="https://www.springframework.org/schema/mvc/spring-mvc-3.1.xsd" location="$MAVEN_REPOSITORY$/org/springframework/spring-webmvc/5.2.5.RELEASE/spring-webmvc-5.2.5.RELEASE.jar!/org/springframework/web/servlet/config/spring-mvc.xsd" />
    <resource url="https://www.springframework.org/schema/mvc/spring-mvc-3.2.xsd" location="$MAVEN_REPOSITORY$/org/springframework/spring-webmvc/5.2.5.RELEASE/spring-webmvc-5.2.5.RELEASE.jar!/org/springframework/web/servlet/config/spring-mvc.xsd" />
    <resource url="https://www.springframework.org/schema/mvc/spring-mvc-4.0.xsd" location="$MAVEN_REPOSITORY$/org/springframework/spring-webmvc/5.2.5.RELEASE/spring-webmvc-5.2.5.RELEASE.jar!/org/springframework/web/servlet/config/spring-mvc.xsd" />
    <resource url="https://www.springframework.org/schema/mvc/spring-mvc-4.1.xsd" location="$MAVEN_REPOSITORY$/org/springframework/spring-webmvc/5.2.5.RELEASE/spring-webmvc-5.2.5.RELEASE.jar!/org/springframework/web/servlet/config/spring-mvc.xsd" />
    <resource url="https://www.springframework.org/schema/mvc/spring-mvc-4.2.xsd" location="$MAVEN_REPOSITORY$/org/springframework/spring-webmvc/5.2.5.RELEASE/spring-webmvc-5.2.5.RELEASE.jar!/org/springframework/web/servlet/config/spring-mvc.xsd" />
    <resource url="https://www.springframework.org/schema/mvc/spring-mvc-4.3.xsd" location="$MAVEN_REPOSITORY$/org/springframework/spring-webmvc/5.2.5.RELEASE/spring-webmvc-5.2.5.RELEASE.jar!/org/springframework/web/servlet/config/spring-mvc.xsd" />
    <resource url="https://www.springframework.org/schema/mvc/spring-mvc.xsd" location="$MAVEN_REPOSITORY$/org/springframework/spring-webmvc/5.2.5.RELEASE/spring-webmvc-5.2.5.RELEASE.jar!/org/springframework/web/servlet/config/spring-mvc.xsd" />
    <resource url="https://www.springframework.org/schema/task/spring-task-3.0.xsd" location="$MAVEN_REPOSITORY$/org/springframework/spring-context/5.2.5.RELEASE/spring-context-5.2.5.RELEASE.jar!/org/springframework/scheduling/config/spring-task.xsd" />
    <resource url="https://www.springframework.org/schema/task/spring-task-3.1.xsd" location="$MAVEN_REPOSITORY$/org/springframework/spring-context/5.2.5.RELEASE/spring-context-5.2.5.RELEASE.jar!/org/springframework/scheduling/config/spring-task.xsd" />
    <resource url="https://www.springframework.org/schema/task/spring-task-3.2.xsd" location="$MAVEN_REPOSITORY$/org/springframework/spring-context/5.2.5.RELEASE/spring-context-5.2.5.RELEASE.jar!/org/springframework/scheduling/config/spring-task.xsd" />
    <resource url="https://www.springframework.org/schema/task/spring-task-4.0.xsd" location="$MAVEN_REPOSITORY$/org/springframework/spring-context/5.2.5.RELEASE/spring-context-5.2.5.RELEASE.jar!/org/springframework/scheduling/config/spring-task.xsd" />
    <resource url="https://www.springframework.org/schema/task/spring-task-4.1.xsd" location="$MAVEN_REPOSITORY$/org/springframework/spring-context/5.2.5.RELEASE/spring-context-5.2.5.RELEASE.jar!/org/springframework/scheduling/config/spring-task.xsd" />
    <resource url="https://www.springframework.org/schema/task/spring-task-4.2.xsd" location="$MAVEN_REPOSITORY$/org/springframework/spring-context/5.2.5.RELEASE/spring-context-5.2.5.RELEASE.jar!/org/springframework/scheduling/config/spring-task.xsd" />
    <resource url="https://www.springframework.org/schema/task/spring-task-4.3.xsd" location="$MAVEN_REPOSITORY$/org/springframework/spring-context/5.2.5.RELEASE/spring-context-5.2.5.RELEASE.jar!/org/springframework/scheduling/config/spring-task.xsd" />
    <resource url="https://www.springframework.org/schema/task/spring-task.xsd" location="$MAVEN_REPOSITORY$/org/springframework/spring-context/5.2.5.RELEASE/spring-context-5.2.5.RELEASE.jar!/org/springframework/scheduling/config/spring-task.xsd" />
    <resource url="https://www.springframework.org/schema/tool/spring-tool-2.0.xsd" location="$MAVEN_REPOSITORY$/org/springframework/spring-beans/5.2.5.RELEASE/spring-beans-5.2.5.RELEASE.jar!/org/springframework/beans/factory/xml/spring-tool.xsd" />
    <resource url="https://www.springframework.org/schema/tool/spring-tool-2.5.xsd" location="$MAVEN_REPOSITORY$/org/springframework/spring-beans/5.2.5.RELEASE/spring-beans-5.2.5.RELEASE.jar!/org/springframework/beans/factory/xml/spring-tool.xsd" />
    <resource url="https://www.springframework.org/schema/tool/spring-tool-3.0.xsd" location="$MAVEN_REPOSITORY$/org/springframework/spring-beans/5.2.5.RELEASE/spring-beans-5.2.5.RELEASE.jar!/org/springframework/beans/factory/xml/spring-tool.xsd" />
    <resource url="https://www.springframework.org/schema/tool/spring-tool-3.1.xsd" location="$MAVEN_REPOSITORY$/org/springframework/spring-beans/5.2.5.RELEASE/spring-beans-5.2.5.RELEASE.jar!/org/springframework/beans/factory/xml/spring-tool.xsd" />
    <resource url="https://www.springframework.org/schema/tool/spring-tool-3.2.xsd" location="$MAVEN_REPOSITORY$/org/springframework/spring-beans/5.2.5.RELEASE/spring-beans-5.2.5.RELEASE.jar!/org/springframework/beans/factory/xml/spring-tool.xsd" />
    <resource url="https://www.springframework.org/schema/tool/spring-tool-4.0.xsd" location="$MAVEN_REPOSITORY$/org/springframework/spring-beans/5.2.5.RELEASE/spring-beans-5.2.5.RELEASE.jar!/org/springframework/beans/factory/xml/spring-tool.xsd" />
    <resource url="https://www.springframework.org/schema/tool/spring-tool-4.1.xsd" location="$MAVEN_REPOSITORY$/org/springframework/spring-beans/5.2.5.RELEASE/spring-beans-5.2.5.RELEASE.jar!/org/springframework/beans/factory/xml/spring-tool.xsd" />
    <resource url="https://www.springframework.org/schema/tool/spring-tool-4.2.xsd" location="$MAVEN_REPOSITORY$/org/springframework/spring-beans/5.2.5.RELEASE/spring-beans-5.2.5.RELEASE.jar!/org/springframework/beans/factory/xml/spring-tool.xsd" />
    <resource url="https://www.springframework.org/schema/tool/spring-tool-4.3.xsd" location="$MAVEN_REPOSITORY$/org/springframework/spring-beans/5.2.5.RELEASE/spring-beans-5.2.5.RELEASE.jar!/org/springframework/beans/factory/xml/spring-tool.xsd" />
    <resource url="https://www.springframework.org/schema/tool/spring-tool.xsd" location="$MAVEN_REPOSITORY$/org/springframework/spring-beans/5.2.5.RELEASE/spring-beans-5.2.5.RELEASE.jar!/org/springframework/beans/factory/xml/spring-tool.xsd" />
    <resource url="https://www.springframework.org/schema/tx/spring-tx-2.0.xsd" location="$MAVEN_REPOSITORY$/org/springframework/spring-tx/5.2.5.RELEASE/spring-tx-5.2.5.RELEASE.jar!/org/springframework/transaction/config/spring-tx.xsd" />
    <resource url="https://www.springframework.org/schema/tx/spring-tx-2.5.xsd" location="$MAVEN_REPOSITORY$/org/springframework/spring-tx/5.2.5.RELEASE/spring-tx-5.2.5.RELEASE.jar!/org/springframework/transaction/config/spring-tx.xsd" />
    <resource url="https://www.springframework.org/schema/tx/spring-tx-3.0.xsd" location="$MAVEN_REPOSITORY$/org/springframework/spring-tx/5.2.5.RELEASE/spring-tx-5.2.5.RELEASE.jar!/org/springframework/transaction/config/spring-tx.xsd" />
    <resource url="https://www.springframework.org/schema/tx/spring-tx-3.1.xsd" location="$MAVEN_REPOSITORY$/org/springframework/spring-tx/5.2.5.RELEASE/spring-tx-5.2.5.RELEASE.jar!/org/springframework/transaction/config/spring-tx.xsd" />
    <resource url="https://www.springframework.org/schema/tx/spring-tx-3.2.xsd" location="$MAVEN_REPOSITORY$/org/springframework/spring-tx/5.2.5.RELEASE/spring-tx-5.2.5.RELEASE.jar!/org/springframework/transaction/config/spring-tx.xsd" />
    <resource url="https://www.springframework.org/schema/tx/spring-tx-4.0.xsd" location="$MAVEN_REPOSITORY$/org/springframework/spring-tx/5.2.5.RELEASE/spring-tx-5.2.5.RELEASE.jar!/org/springframework/transaction/config/spring-tx.xsd" />
    <resource url="https://www.springframework.org/schema/tx/spring-tx-4.1.xsd" location="$MAVEN_REPOSITORY$/org/springframework/spring-tx/5.2.5.RELEASE/spring-tx-5.2.5.RELEASE.jar!/org/springframework/transaction/config/spring-tx.xsd" />
    <resource url="https://www.springframework.org/schema/tx/spring-tx-4.2.xsd" location="$MAVEN_REPOSITORY$/org/springframework/spring-tx/5.2.5.RELEASE/spring-tx-5.2.5.RELEASE.jar!/org/springframework/transaction/config/spring-tx.xsd" />
    <resource url="https://www.springframework.org/schema/tx/spring-tx-4.3.xsd" location="$MAVEN_REPOSITORY$/org/springframework/spring-tx/5.2.5.RELEASE/spring-tx-5.2.5.RELEASE.jar!/org/springframework/transaction/config/spring-tx.xsd" />
    <resource url="https://www.springframework.org/schema/tx/spring-tx.xsd" location="$MAVEN_REPOSITORY$/org/springframework/spring-tx/5.2.5.RELEASE/spring-tx-5.2.5.RELEASE.jar!/org/springframework/transaction/config/spring-tx.xsd" />
    <resource url="https://www.springframework.org/schema/util/spring-util-2.0.xsd" location="$MAVEN_REPOSITORY$/org/springframework/spring-beans/5.2.5.RELEASE/spring-beans-5.2.5.RELEASE.jar!/org/springframework/beans/factory/xml/spring-util.xsd" />
    <resource url="https://www.springframework.org/schema/util/spring-util-2.5.xsd" location="$MAVEN_REPOSITORY$/org/springframework/spring-beans/5.2.5.RELEASE/spring-beans-5.2.5.RELEASE.jar!/org/springframework/beans/factory/xml/spring-util.xsd" />
    <resource url="https://www.springframework.org/schema/util/spring-util-3.0.xsd" location="$MAVEN_REPOSITORY$/org/springframework/spring-beans/5.2.5.RELEASE/spring-beans-5.2.5.RELEASE.jar!/org/springframework/beans/factory/xml/spring-util.xsd" />
    <resource url="https://www.springframework.org/schema/util/spring-util-3.1.xsd" location="$MAVEN_REPOSITORY$/org/springframework/spring-beans/5.2.5.RELEASE/spring-beans-5.2.5.RELEASE.jar!/org/springframework/beans/factory/xml/spring-util.xsd" />
    <resource url="https://www.springframework.org/schema/util/spring-util-3.2.xsd" location="$MAVEN_REPOSITORY$/org/springframework/spring-beans/5.2.5.RELEASE/spring-beans-5.2.5.RELEASE.jar!/org/springframework/beans/factory/xml/spring-util.xsd" />
    <resource url="https://www.springframework.org/schema/util/spring-util-4.0.xsd" location="$MAVEN_REPOSITORY$/org/springframework/spring-beans/5.2.5.RELEASE/spring-beans-5.2.5.RELEASE.jar!/org/springframework/beans/factory/xml/spring-util.xsd" />
    <resource url="https://www.springframework.org/schema/util/spring-util-4.1.xsd" location="$MAVEN_REPOSITORY$/org/springframework/spring-beans/5.2.5.RELEASE/spring-beans-5.2.5.RELEASE.jar!/org/springframework/beans/factory/xml/spring-util.xsd" />
    <resource url="https://www.springframework.org/schema/util/spring-util-4.2.xsd" location="$MAVEN_REPOSITORY$/org/springframework/spring-beans/5.2.5.RELEASE/spring-beans-5.2.5.RELEASE.jar!/org/springframework/beans/factory/xml/spring-util.xsd" />
    <resource url="https://www.springframework.org/schema/util/spring-util-4.3.xsd" location="$MAVEN_REPOSITORY$/org/springframework/spring-beans/5.2.5.RELEASE/spring-beans-5.2.5.RELEASE.jar!/org/springframework/beans/factory/xml/spring-util.xsd" />
    <resource url="https://www.springframework.org/schema/util/spring-util.xsd" location="$MAVEN_REPOSITORY$/org/springframework/spring-beans/5.2.5.RELEASE/spring-beans-5.2.5.RELEASE.jar!/org/springframework/beans/factory/xml/spring-util.xsd" />
    <ignored-resource url="http://www.springframework.org/schema/p" />
  </component>
</application>