<application>
  <component name="ActionMacroManager">
    <macro name="insert_line">
      <action id="EditorLineEnd" />
      <action id="EditorLineStart" />
      <action id="EditorDeleteLine" />
      <action id="EditorPaste" />
      <action id="EditorUp" />
    </macro>
    <macro name="insert_line2">
      <action id="EditorLineEnd" />
      <action id="EditorLineStart" />
      <action id="EditorPaste" />
      <action id="EditorDeleteLine" />
      <action id="EditorUp" />
    </macro>
    <macro name="line_subst">
      <action id="EditorLineEnd" />
      <action id="EditorLineStart" />
      <action id="EditorPaste" />
      <action id="EditorDeleteLine" />
      <action id="EditorUp" />
      <action id="EditorLineEnd" />
      <action id="EditorLineStart" />
    </macro>
    <macro name="line_colar_inserindo">
      <action id="EditorStartNewLineBefore" />
      <action id="EditorPaste" />
      <action id="EditorDeleteLine" />
      <action id="EditorUp" />
      <action id="EditorLineEnd" />
      <action id="EditorLineStart" />
    </macro>
    <macro name="del_pt">
      <action id="FindNext" />
      <action id="EditorRight" />
      <action id="EditorDeleteLine" />
      <action id="EditorLineStart" />
    </macro>
    <macro name="tarot_corrige">
      <action id="FindNext" />
      <action id="EditorLeft" />
      <action id="EditorRight" />
      <action id="EditorLineStartWithSelection" />
      <action id="EditorDelete" />
      <action id="EditorDown" />
      <action id="EditorUp" />
      <action id="FindNext" />
      <action id="EditorLeft" />
      <action id="EditorLeft" />
      <action id="EditorLeft" />
      <action id="EditorLeft" />
      <action id="EditorLineEndWithSelection" />
      <action id="EditorDelete" />
      <action id="EditorLineStart" />
      <action id="EditorDown" />
    </macro>
    <macro name="Colar_Na_Palavra">
      <action id="EditorSelectWord" />
      <action id="EditorDelete" />
      <action id="EditorPaste" />
    </macro>
  </component>
</application>