<application>
  <component name="FileTypeManager" version="17">
    <extensionMap>
      <mapping pattern="widget/ScaffoldGPed" type="Dart" />
      <mapping pattern="MainApp" type="Dart" />
      <mapping ext="webp" type="Image" />
      <mapping pattern=".ideavimrc" type="PLAIN_TEXT" />
      <mapping pattern="MainApp.dart" type="PLAIN_TEXT" />
      <mapping pattern="apagar" type="PLAIN_TEXT" />
      <mapping ext="lock" type="PLAIN_TEXT" />
      <mapping ext="hive" type="PLAIN_TEXT" />
    </extensionMap>
  </component>
</application>