<keymap version="1" name="XWin-Mateus" parent="Default for XWin">
  <action id="$Cut">
    <keyboard-shortcut first-keystroke="ctrl x" />
  </action>
  <action id="ActivateVersionControlToolWindow" />
  <action id="Android.CleanRun" />
  <action id="Arrangement.Rule.Match.Condition.Move.Down" />
  <action id="Arrangement.Rule.Match.Condition.Move.Up" />
  <action id="AutoIndentLines" />
  <action id="Back">
    <mouse-shortcut keystroke="button4" />
    <keyboard-shortcut first-keystroke="altGraph left" />
  </action>
  <action id="CIDR.Debugger.ShowInMemoryView" />
  <action id="ChangesView.Move" />
  <action id="ChangesView.UnshelveSilently" />
  <action id="CollapseAllRegions">
    <keyboard-shortcut first-keystroke="ctrl alt page_up" />
  </action>
  <action id="CollapseExpandableComponent">
    <keyboard-shortcut first-keystroke="ctrl subtract" />
    <keyboard-shortcut first-keystroke="ctrl minus" />
  </action>
  <action id="CollapseRegion">
    <keyboard-shortcut first-keystroke="ctrl alt left" />
  </action>
  <action id="CollapseSelection" />
  <action id="CommentByLineComment">
    <keyboard-shortcut first-keystroke="ctrl slash" />
    <keyboard-shortcut first-keystroke="ctrl divide" />
    <mouse-shortcut keystroke="shift button3" />
  </action>
  <action id="Console.Execute.Multiline" />
  <action id="CopyElement" />
  <action id="DBNavigator.Actions.DataEditor.DeleteRecord" />
  <action id="DBNavigator.Actions.Execute" />
  <action id="DBNavigator.Actions.MainMenu.OpenSessionBrowser" />
  <action id="Diff.ApplyLeftSide" />
  <action id="Diff.ApplyRightSide" />
  <action id="Diff.NextChange" />
  <action id="Diff.PrevChange" />
  <action id="DirDiffMenu.SynchronizeDiff.All" />
  <action id="EditorBackwardParagraph">
    <keyboard-shortcut first-keystroke="alt o" second-keystroke="3" />
  </action>
  <action id="EditorBackwardParagraphWithSelection">
    <keyboard-shortcut first-keystroke="alt o" second-keystroke="4" />
  </action>
  <action id="EditorChooseLookupItemDot" />
  <action id="EditorDeleteLine">
    <keyboard-shortcut first-keystroke="ctrl y" />
    <keyboard-shortcut first-keystroke="shift delete" />
    <mouse-shortcut keystroke="control button3" />
  </action>
  <action id="EditorForwardParagraph">
    <keyboard-shortcut first-keystroke="alt o" second-keystroke="1" />
  </action>
  <action id="EditorForwardParagraphWithSelection">
    <keyboard-shortcut first-keystroke="alt o" second-keystroke="2" />
  </action>
  <action id="EditorIndentLineOrSelection">
    <keyboard-shortcut first-keystroke="tab" />
  </action>
  <action id="EditorJoinLines">
    <keyboard-shortcut first-keystroke="ctrl j" />
  </action>
  <action id="EditorMatchBrace">
    <keyboard-shortcut first-keystroke="ctrl alt b" />
  </action>
  <action id="EditorSelectLine">
    <keyboard-shortcut first-keystroke="ctrl i" />
  </action>
  <action id="EditorSelectWord">
    <keyboard-shortcut first-keystroke="ctrl w" />
    <mouse-shortcut keystroke="control alt button1" />
  </action>
  <action id="EditorSplitLine">
    <keyboard-shortcut first-keystroke="altGraph enter" />
  </action>
  <action id="EditorStartNewLine">
    <keyboard-shortcut first-keystroke="ctrl enter" />
  </action>
  <action id="EditorStartNewLineBefore">
    <keyboard-shortcut first-keystroke="ctrl alt enter" />
    <keyboard-shortcut first-keystroke="shift enter" />
  </action>
  <action id="EditorSwapSelectionBoundaries">
    <keyboard-shortcut first-keystroke="ctrl alt s" />
  </action>
  <action id="EditorToggleColumnMode">
    <keyboard-shortcut first-keystroke="alt m" />
  </action>
  <action id="ExpandAllRegions">
    <keyboard-shortcut first-keystroke="ctrl alt page_down" />
  </action>
  <action id="ExpandExpandableComponent">
    <keyboard-shortcut first-keystroke="ctrl add" />
    <keyboard-shortcut first-keystroke="ctrl equals" />
  </action>
  <action id="ExpandRegion">
    <keyboard-shortcut first-keystroke="ctrl alt right" />
  </action>
  <action id="ExpandRegionRecursively">
    <keyboard-shortcut first-keystroke="ctrl alt add" />
  </action>
  <action id="ExportToTextFile" />
  <action id="FileChooser.TogglePathShowing" />
  <action id="ForceRunToCursor">
    <keyboard-shortcut first-keystroke="ctrl alt c" />
  </action>
  <action id="Forward">
    <mouse-shortcut keystroke="button5" />
    <keyboard-shortcut first-keystroke="altGraph right" />
  </action>
  <action id="Gauge.Extract" />
  <action id="Generate">
    <keyboard-shortcut first-keystroke="alt g" />
  </action>
  <action id="GotoAction">
    <keyboard-shortcut first-keystroke="alt a" />
  </action>
  <action id="GotoCustomRegion" />
  <action id="GotoFile">
    <keyboard-shortcut first-keystroke="ctrl p" />
  </action>
  <action id="GotoImplementation">
    <keyboard-shortcut first-keystroke="ctrl alt i" />
  </action>
  <action id="Groovy.Shell.Execute" />
  <action id="HippieCompletion" />
  <action id="ImplementMethods" />
  <action id="Inline" />
  <action id="InsertLiveTemplate">
    <keyboard-shortcut first-keystroke="alt t" />
  </action>
  <action id="IntroduceConstant" />
  <action id="JumpDown5">
    <keyboard-shortcut first-keystroke="alt up" />
    <keyboard-shortcut first-keystroke="shift alt up" />
  </action>
  <action id="JumpUp5">
    <keyboard-shortcut first-keystroke="alt down" />
    <keyboard-shortcut first-keystroke="shift alt down" />
  </action>
  <action id="KotlinShellExecute" />
  <action id="Macro.Colar_Na_Palavra">
    <keyboard-shortcut first-keystroke="altGraph v" />
  </action>
  <action id="Macro.insert_line2">
    <keyboard-shortcut first-keystroke="altGraph i" />
  </action>
  <action id="Macro.line_colar_inserindo">
    <keyboard-shortcut first-keystroke="altGraph c" />
  </action>
  <action id="Macro.line_subst">
    <keyboard-shortcut first-keystroke="altGraph s" />
    <mouse-shortcut keystroke="altGraph button1" />
  </action>
  <action id="MethodDown">
    <keyboard-shortcut first-keystroke="altGraph down" />
  </action>
  <action id="MethodUp">
    <keyboard-shortcut first-keystroke="altGraph up" />
  </action>
  <action id="MoveEditorToOppositeTabGroup">
    <keyboard-shortcut first-keystroke="ctrl alt o" />
  </action>
  <action id="MoveLineDown">
    <keyboard-shortcut first-keystroke="ctrl period" />
  </action>
  <action id="MoveLineUp">
    <keyboard-shortcut first-keystroke="ctrl comma" />
  </action>
  <action id="NextEditorTab" />
  <action id="NextOccurence" />
  <action id="NextProjectWindow" />
  <action id="OpenElementInNewWindow" />
  <action id="OptimizeImports" />
  <action id="ParameterInfo" />
  <action id="PlaySavedMacrosAction">
    <keyboard-shortcut first-keystroke="alt p" />
  </action>
  <action id="PlaybackLastMacro">
    <keyboard-shortcut first-keystroke="altGraph q" />
  </action>
  <action id="PreviousEditorTab" />
  <action id="PreviousOccurence" />
  <action id="PreviousProjectWindow" />
  <action id="QuickJavaDoc">
    <mouse-shortcut keystroke="alt button2" />
  </action>
  <action id="QuickJumpChar.JumpTo_'">
    <keyboard-shortcut first-keystroke="altGraph quote" />
    <keyboard-shortcut first-keystroke="ctrl altGraph quote" />
    <keyboard-shortcut first-keystroke="alt quote" />
    <keyboard-shortcut first-keystroke="ctrl alt quote" />
  </action>
  <action id="QuickJumpChar.JumpTo_(">
    <keyboard-shortcut first-keystroke="altGraph 9" />
    <keyboard-shortcut first-keystroke="ctrl altGraph 9" />
    <keyboard-shortcut first-keystroke="alt 9" />
    <keyboard-shortcut first-keystroke="ctrl alt 9" />
  </action>
  <action id="QuickJumpChar.JumpTo_)">
    <keyboard-shortcut first-keystroke="altGraph 0" />
    <keyboard-shortcut first-keystroke="ctrl altGraph 0" />
    <keyboard-shortcut first-keystroke="alt 0" />
    <keyboard-shortcut first-keystroke="ctrl alt 0" />
  </action>
  <action id="QuickJumpChar.JumpTo_.">
    <keyboard-shortcut first-keystroke="altGraph period" />
    <keyboard-shortcut first-keystroke="ctrl altGraph period" />
    <keyboard-shortcut first-keystroke="alt period" />
    <keyboard-shortcut first-keystroke="ctrl alt period" />
  </action>
  <action id="QuickJumpChar.JumpTo_:">
    <keyboard-shortcut first-keystroke="altGraph slash" />
    <keyboard-shortcut first-keystroke="ctrl altGraph slash" />
    <keyboard-shortcut first-keystroke="alt slash" />
    <keyboard-shortcut first-keystroke="ctrl alt slash" />
  </action>
  <action id="QuickJumpChar.JumpTo_=">
    <keyboard-shortcut first-keystroke="altGraph equals" />
    <keyboard-shortcut first-keystroke="ctrl altGraph equals" />
    <keyboard-shortcut first-keystroke="alt equals" />
    <keyboard-shortcut first-keystroke="ctrl alt equals" />
  </action>
  <action id="QuickJumpChar.JumpTo_IF">
    <keyboard-shortcut first-keystroke="altGraph context_menu" />
    <keyboard-shortcut first-keystroke="ctrl altGraph context_menu" />
    <keyboard-shortcut first-keystroke="alt context_menu" />
    <keyboard-shortcut first-keystroke="ctrl alt context_menu" />
  </action>
  <action id="QuickJumpChar.JumpTo_N">
    <keyboard-shortcut first-keystroke="altGraph n" />
    <keyboard-shortcut first-keystroke="ctrl altGraph n" />
    <keyboard-shortcut first-keystroke="alt n" />
    <keyboard-shortcut first-keystroke="ctrl alt n" />
  </action>
  <action id="QuickJumpChar.JumpTo_U">
    <keyboard-shortcut first-keystroke="altGraph u" />
    <keyboard-shortcut first-keystroke="ctrl altGraph u" />
    <keyboard-shortcut first-keystroke="alt u" />
    <keyboard-shortcut first-keystroke="ctrl alt u" />
  </action>
  <action id="QuickJumpChar.JumpTo_{">
    <keyboard-shortcut first-keystroke="altGraph open_bracket" />
    <keyboard-shortcut first-keystroke="ctrl altGraph open_bracket" />
    <keyboard-shortcut first-keystroke="alt open_bracket" />
    <keyboard-shortcut first-keystroke="ctrl alt open_bracket" />
  </action>
  <action id="QuickJumpChar.JumpTo_}">
    <keyboard-shortcut first-keystroke="altGraph close_bracket" />
    <keyboard-shortcut first-keystroke="ctrl altGraph close_bracket" />
    <keyboard-shortcut first-keystroke="alt close_bracket" />
    <keyboard-shortcut first-keystroke="ctrl alt close_bracket" />
  </action>
  <action id="ReformatCode">
    <keyboard-shortcut first-keystroke="alt f" />
  </action>
  <action id="Refresh" />
  <action id="Scratch.NewScratch" />
  <action id="Scratch.OpenDefaultScratch" />
  <action id="Scratch.OpenScratchList" />
  <action id="SelectAllOccurrences">
    <keyboard-shortcut first-keystroke="ctrl alt j" />
  </action>
  <action id="ShowContent" />
  <action id="ShowSearchHistory" />
  <action id="ShowSettings">
    <keyboard-shortcut first-keystroke="alt s" />
  </action>
  <action id="StartStopMacroRecording">
    <keyboard-shortcut first-keystroke="ctrl q" />
  </action>
  <action id="SurroundWith">
    <keyboard-shortcut first-keystroke="shift ctrl s" />
  </action>
  <action id="SurroundWithLiveTemplate">
    <keyboard-shortcut first-keystroke="shift ctrl alt j" />
  </action>
  <action id="TodoViewGroupByFlattenPackage" />
  <action id="ToggleLineBreakpoint">
    <keyboard-shortcut first-keystroke="f5" />
  </action>
  <action id="ToggleMethodBreakpoint">
    <keyboard-shortcut first-keystroke="ctrl f5" />
  </action>
  <action id="UpdateRunningApplication" />
  <action id="UsageView.ShowRecentFindUsages" />
  <action id="Vcs.MoveChangedLinesToChangelist" />
  <action id="Vcs.ToggleAmendCommitMode" />
  <action id="ViewSource" />
  <action id="android.deploy.ApplyChanges">
    <keyboard-shortcut first-keystroke="ctrl f10" />
  </action>
  <action id="android.deploy.CodeSwap">
    <keyboard-shortcut first-keystroke="ctrl alt f10" />
  </action>
  <action id="com.gitlab.lae.intellij.jump.JumpToChar">
    <keyboard-shortcut first-keystroke="ctrl semicolon" />
  </action>
  <action id="easy.import.action" />
  <action id="osmedile.intellij.stringmanip.SwitchCasePopup">
    <keyboard-shortcut first-keystroke="alt c" />
  </action>
</keymap>